flavor,item,gtin14,sell_sheet_pdf,vistar_item
Organic Açaí Original Sensation,Pint 500 mL (consumer unit),09309000652044,https://austropical.co/sell-sheets/austropical-original-sensation-sell-sheet.pdf,
Organic Açaí Original Sensation,Pint case of 12,19309000652041,https://austropical.co/sell-sheets/austropical-original-sensation-sell-sheet.pdf,
Organic Açaí Original Sensation,Grab'n Go cup 250 mL (consumer unit),09309000652006,https://austropical.co/sell-sheets/austropical-original-sensation-sell-sheet.pdf,
Organic Açaí Original Sensation,Cup case of 18,19309000652003,https://austropical.co/sell-sheets/austropical-original-sensation-sell-sheet.pdf,
Organic Açaí Original Sensation,Bucket 10.2 kg,09309000652662,https://austropical.co/sell-sheets/austropical-original-sensation-sell-sheet.pdf,TLL65266
Organic Açaí Original Sensation,Bucket pallet (120),19309000652669,https://austropical.co/sell-sheets/austropical-original-sensation-sell-sheet.pdf,TLL65266
Açaí Banana Sunrise,Pint 500 mL (consumer unit),09309000652051,https://austropical.co/sell-sheets/austropical-banana-sunrise-sell-sheet.pdf,
Açaí Banana Sunrise,Pint case of 12,19309000652058,https://austropical.co/sell-sheets/austropical-banana-sunrise-sell-sheet.pdf,
Açaí Banana Sunrise,Grab'n Go cup 250 mL (consumer unit),09309000652020,https://austropical.co/sell-sheets/austropical-banana-sunrise-sell-sheet.pdf,
Açaí Banana Sunrise,Cup case of 18,19309000652027,https://austropical.co/sell-sheets/austropical-banana-sunrise-sell-sheet.pdf,
Açaí Banana Sunrise,Bucket 10.2 kg,09309000652679,https://austropical.co/sell-sheets/austropical-banana-sunrise-sell-sheet.pdf,TLL65267
Açaí Banana Sunrise,Bucket pallet (120),19309000652676,https://austropical.co/sell-sheets/austropical-banana-sunrise-sell-sheet.pdf,TLL65267
Açaí Strawberry Crush,Pint 500 mL (consumer unit),09309000652068,https://austropical.co/sell-sheets/austropical-strawberry-crush-sell-sheet.pdf,
Açaí Strawberry Crush,Pint case of 12,19309000652065,https://austropical.co/sell-sheets/austropical-strawberry-crush-sell-sheet.pdf,
Açaí Strawberry Crush,Grab'n Go cup 250 mL (consumer unit),09309000652013,https://austropical.co/sell-sheets/austropical-strawberry-crush-sell-sheet.pdf,
Açaí Strawberry Crush,Cup case of 18,19309000652010,https://austropical.co/sell-sheets/austropical-strawberry-crush-sell-sheet.pdf,
Açaí Strawberry Crush,Bucket 10.2 kg,09309000652686,https://austropical.co/sell-sheets/austropical-strawberry-crush-sell-sheet.pdf,TLL65268
Açaí Strawberry Crush,Bucket pallet (120),19309000652683,https://austropical.co/sell-sheets/austropical-strawberry-crush-sell-sheet.pdf,TLL65268
Açaí Zero Sugar (Not a low calorie food.),Pint 500 mL (consumer unit),09309000652075,https://austropical.co/sell-sheets/austropical-zero-sugar-sell-sheet.pdf,
Açaí Zero Sugar (Not a low calorie food.),Pint case of 12,19309000652072,https://austropical.co/sell-sheets/austropical-zero-sugar-sell-sheet.pdf,
Açaí Zero Sugar (Not a low calorie food.),Grab'n Go cup 250 mL (consumer unit),09309000652037,https://austropical.co/sell-sheets/austropical-zero-sugar-sell-sheet.pdf,
Açaí Zero Sugar (Not a low calorie food.),Cup case of 18,19309000652034,https://austropical.co/sell-sheets/austropical-zero-sugar-sell-sheet.pdf,
Açaí Zero Sugar (Not a low calorie food.),Bucket 10.2 kg,09309000652693,https://austropical.co/sell-sheets/austropical-zero-sugar-sell-sheet.pdf,TLL65269
Açaí Zero Sugar (Not a low calorie food.),Bucket pallet (120),19309000652690,https://austropical.co/sell-sheets/austropical-zero-sugar-sell-sheet.pdf,TLL65269
Organic Coconut,Pint 500 mL (consumer unit),09309000652198,https://austropical.co/sell-sheets/austropical-coconut-sell-sheet.pdf,
Organic Coconut,Pint case of 12,19309000652195,https://austropical.co/sell-sheets/austropical-coconut-sell-sheet.pdf,
Organic Coconut,Grab'n Go cup 250 mL (consumer unit),09309000652150,https://austropical.co/sell-sheets/austropical-coconut-sell-sheet.pdf,
Organic Coconut,Cup case of 18,19309000652157,https://austropical.co/sell-sheets/austropical-coconut-sell-sheet.pdf,
Organic Coconut,Bucket 10.2 kg,09309000652709,https://austropical.co/sell-sheets/austropical-coconut-sell-sheet.pdf,TLL65270
Organic Coconut,Bucket pallet (120),19309000652706,https://austropical.co/sell-sheets/austropical-coconut-sell-sheet.pdf,TLL65270
Organic Mango,Pint 500 mL (consumer unit),09309000652228,https://austropical.co/sell-sheets/austropical-mango-sell-sheet.pdf,
Organic Mango,Pint case of 12,19309000652225,https://austropical.co/sell-sheets/austropical-mango-sell-sheet.pdf,
Organic Mango,Grab'n Go cup 250 mL (consumer unit),09309000652211,https://austropical.co/sell-sheets/austropical-mango-sell-sheet.pdf,
Organic Mango,Cup case of 18,19309000652218,https://austropical.co/sell-sheets/austropical-mango-sell-sheet.pdf,
Organic Mango,Bucket 10.2 kg,09309000652716,https://austropical.co/sell-sheets/austropical-mango-sell-sheet.pdf,TLL65271
Organic Mango,Bucket pallet (120),19309000652713,https://austropical.co/sell-sheets/austropical-mango-sell-sheet.pdf,TLL65271
Passionfruit,Pint 500 mL (consumer unit),09309000652259,https://austropical.co/sell-sheets/austropical-passionfruit-sell-sheet.pdf,
Passionfruit,Pint case of 12,19309000652256,https://austropical.co/sell-sheets/austropical-passionfruit-sell-sheet.pdf,
Passionfruit,Grab'n Go cup 250 mL (consumer unit),09309000652242,https://austropical.co/sell-sheets/austropical-passionfruit-sell-sheet.pdf,
Passionfruit,Cup case of 18,19309000652249,https://austropical.co/sell-sheets/austropical-passionfruit-sell-sheet.pdf,
Passionfruit,Bucket 10.2 kg,09309000652723,https://austropical.co/sell-sheets/austropical-passionfruit-sell-sheet.pdf,TLL65272
Passionfruit,Bucket pallet (120),19309000652720,https://austropical.co/sell-sheets/austropical-passionfruit-sell-sheet.pdf,TLL65272
Dragon Fruit & Pineapple,Pint 500 mL (consumer unit),09309000652136,https://austropical.co/sell-sheets/austropical-dragon-fruit-pineapple-sell-sheet.pdf,
Dragon Fruit & Pineapple,Pint case of 12,19309000652133,https://austropical.co/sell-sheets/austropical-dragon-fruit-pineapple-sell-sheet.pdf,
Dragon Fruit & Pineapple,Grab'n Go cup 250 mL (consumer unit),09309000652273,https://austropical.co/sell-sheets/austropical-dragon-fruit-pineapple-sell-sheet.pdf,
Dragon Fruit & Pineapple,Cup case of 18,19309000652270,https://austropical.co/sell-sheets/austropical-dragon-fruit-pineapple-sell-sheet.pdf,
Dragon Fruit & Pineapple,Bucket 10.2 kg,09309000652730,https://austropical.co/sell-sheets/austropical-dragon-fruit-pineapple-sell-sheet.pdf,TLL65273
Dragon Fruit & Pineapple,Bucket pallet (120),19309000652737,https://austropical.co/sell-sheets/austropical-dragon-fruit-pineapple-sell-sheet.pdf,TLL65273
Pink Guava & Acerola,Pint 500 mL (consumer unit),09309000652167,https://austropical.co/sell-sheets/austropical-pink-guava-acerola-sell-sheet.pdf,
Pink Guava & Acerola,Pint case of 12,19309000652164,https://austropical.co/sell-sheets/austropical-pink-guava-acerola-sell-sheet.pdf,
Pink Guava & Acerola,Grab'n Go cup 250 mL (consumer unit),09309000652181,https://austropical.co/sell-sheets/austropical-pink-guava-acerola-sell-sheet.pdf,
Pink Guava & Acerola,Cup case of 18,19309000652188,https://austropical.co/sell-sheets/austropical-pink-guava-acerola-sell-sheet.pdf,
Pink Guava & Acerola,Bucket 10.2 kg,09309000652747,https://austropical.co/sell-sheets/austropical-pink-guava-acerola-sell-sheet.pdf,TLL65274
Pink Guava & Acerola,Bucket pallet (120),19309000652744,https://austropical.co/sell-sheets/austropical-pink-guava-acerola-sell-sheet.pdf,TLL65274
Cupuaçu & Coconut,Pint 500 mL (consumer unit),09309000652280,https://austropical.co/sell-sheets/austropical-cupuacu-coconut-sell-sheet.pdf,
Cupuaçu & Coconut,Pint case of 12,19309000652287,https://austropical.co/sell-sheets/austropical-cupuacu-coconut-sell-sheet.pdf,
Cupuaçu & Coconut,Grab'n Go cup 250 mL (consumer unit),09309000652129,https://austropical.co/sell-sheets/austropical-cupuacu-coconut-sell-sheet.pdf,
Cupuaçu & Coconut,Cup case of 18,19309000652126,https://austropical.co/sell-sheets/austropical-cupuacu-coconut-sell-sheet.pdf,
Cupuaçu & Coconut,Bucket 10.2 kg,09309000652754,https://austropical.co/sell-sheets/austropical-cupuacu-coconut-sell-sheet.pdf,TLL65275
Cupuaçu & Coconut,Bucket pallet (120),19309000652751,https://austropical.co/sell-sheets/austropical-cupuacu-coconut-sell-sheet.pdf,TLL65275
